Pdbid,Sequence
1aa900_AB_Homo_sapiens,MTEYKLVVVGAGGVGKSALTIQLIQNHFVDEYDPTIEDSYRKQVVIDGETCLLDILDTAGQEEYSAMRDQYMRTGEGFLCVFAINNTKSFEDIHQYREQIKRVKDSDDVPMVLVGNKCDLAARTVESRQAQDLARSYGIPYIETSAKTRQGVEDAFYTLVREIRQHKLRKL
6q21A0_AB_Homo_sapiens,MTEYKLVVVGAGGVGKSALTIQLIQNHFVDEYDPTIEDSYRKQVVIDGETCLLDILDTAGQEEYSAMRDQYMRTGEGFLCVFAINNTKSFEDIHQYREQIKRVKDSDDVPMVLVGNKCDLAARTVESRQAQDLARSYGIPYIETSAKTRQGVEDAFYTLVREIRQHKLRKL
5p2100_AB_Homo_sapiens,MTEYKLVVVGAGGVGKSALTIQLIQNHFVDEYDPTIEDSYRKQVVIDGETCLLDILDTAGQEEYSAMRDQYMRTGEGFLCVFAINNTKSFEDIHQYREQIKRVKDSDDVPMVLVGNKCDLAARTVESRQAQDLARSYGIPYIETSAKTRQGVEDAFYTLVREIRQH
1gnp00_AB_Homo_sapiens,MTEYKLVVVGAGGVGKSALTIQLIQNHFVDEYDPTIEDSYRKQVVIDGETCLLDILDTAGQEEYSAMRDQYMRTGEGFLCVFAINNTKSFEDIHQYREQIKRVKDSDDVPMVLVGNKCDLAARTVESRQAQDLARSYGIPYIETSAKTRQGVEDAFYTLVREIRQH
1qraA0_AB_Homo_sapiens,MTEYKLVVVGAGGVGKSALTIQLIQNHFVDEYDPTIEDSYRKQVVIDGETCLLDILDTAGQEEYSAMRDQYMRTGEGFLCVFAINNTKSFEDIHQYREQIKRVKDSDDVPMVLVGNKCDLAARTVESRQAQDLARSYGIPYIETSAKTRQGVEDAFYTLVREIRQH
2mnr01_TB_Pseudomonas_putida ,EVLITGLRTRAVNVPLAYPVHTAVGTVGTAPLVLIDLATSAGVVGHSYLFAYTPVALKSLKQLLDDMAAMIVNEPLAPVSLEAMLAKRFCLAGYTGLIRMAAAGIDMAAWDALGKVHETPLVKLLGANARPVQAYDSHSLDGVKLATERAVTAAELGFRAVKTKIGYPALDQDLAVVRSIRQAVGDDFGIMVDYNQSLDVPAAIKRSQALQQEGVTWIEEPTLQHDYEGHQRIQSKLNVPVQMGENWLGPEEMFKALSIGACRLAMPDAMKIGGVTGWIRASALAQQFGIPMSSHLFQEISAHLLAATPTAHWLERLDLAGSVIEPTLTFEGGNAVIPDLPGVGIIWREKEIGKYLV
1ct9A1_AB_Escherichia_coli,ASIFGVFDIKTDAVELRKKALELSRLMRHRGPDWSGIYASDNAILAHERLSIVDVNAGAQPLYNQQKTHVLAVNGEIYNHQALRAEYGDRYQFQTGSDCEVILALYQEKGPEFLDDLQGMFAFALYDSEKDAYLIGRDHLGIIPLYMGYDEHGQLYVASEMKALVPVCRTIKEFPAGSYLWSQDGEIRSYYHRDWFDYDAVKDNVTDKNELRQALEDSVKSHLMSDVPYGVLLSGGLDSSIISAITKKYAARRVEDQERSEAWWPQLHSFAVGLPGSPDLKAAQEVANHLGTVHHEIHFTVQEGLDAIRDVIYHIETYDVTTIRASTPMYLMSRKIKAMGIKMVLSGEGSDEVFGGYLYFHKAPNAKELHEETVRKLLALHMYDCARANKAMSAWGVEARVPFLDKKFLDVAMRINPQDKMCGNGKMEKHILRECFEAYLPASVAWRQKEQFSDGVGYSWIDTLKEVAAQQVSDQQLETARFRFPYNTPTSKEAYLYREIFEELFPLPSAAECVPGGPSVACSSAKAIEWDEAFKKMDDPSGRAVGVHQSAYK
4enl01_TB_Saccharomyces cerevisiae,AVSKVYARSVYDSRGNPTVEVELTTEKGVFRSIVPSGASTGVHEALEMRDGDKSKWMGKGVLHAVKNVNDVIAPAFVKANIDVSDQKAVDDFLISLDGTANKSKLGANAILGVSLAASRAAAAEKNVPLYKHLADLSKSKTSPYVLPVPFLNVLNGGSHAGGALALQEFMIAPTGAKTFAEALRIGSEVYHNLKSLTKKRYGASAGNVGDEGGVAPNIQTAEEALDLIVDAIKAAGHDGKVKIGLDCASSEFFKDGKYDLDFKNPNSDKSKWLTGPQLADLYHSLMKRYPIVSIEDPFAEDDWEAWSHFFKTAGIQIVADDLTVTNPKRIATAIEKKAADALLLKVNQIGTLSESIKAAQDSFAAGWGVMVSHRSGETEDTFIADLVVGLRTGQIKTGAPARSERLAKLNQLLRIEEELGDNAVFAGENFHHGDKL
6xia00_TB_Streptomyces albus,NYQPTPEDRFTFGLWTVGWEGRDPFGDATRTALDPVESVRRLAELGAHGVTFHDDDLIPFGSSDSERYEHVKRFRQALDDTGMKVPMATTNLFTHPVFKDGGFTANDRDVRRYALRKTIRNIDLAVELGAETYVAWGGREGAESGGAKDVRDALDRMKEAFDLLGEYVTSQGYDIRFAIEPKPNEPRGDILLPTVGHALAFIERLERPELYGVNPEVGHEQMAGLNFPHGIAQALWAGKLFHIDLNGQNGIKYDQDLRFGAGDLRAAFWLVDLLESAGYSGPRHFDFKPPRTEDFDGVWASAAGCMRNYLILKERAAAFRADPEVQEALRASRLDELARPTAADGLQALLDDRSAFEEFDVDAAAARGMAFERLDQLAMDHLLGARG
1hnf01_B_Homo_sapiens,KEITNALETWGALGQDINLDIPSFQMSDDIDDIKWEKTSDKKKIAQFRKEKETFKEKDTYKLFKNGTLKIKHLKTDDQDIYKVSIYDTKGKNVLEKIFDLKIQERVSKPKISWTCINTTLTCEVMNGTDPELNLYQDGKHLKLSQRVITHKWTTSLSAKFKCTAGNKVSKESSVEPVSCPEK
1neu00_B_Rattus_norvegicus,IVVYTDREVYGAVGSQVTLHCSFWSSEWVSDDISFTWRYQPEGGRDAISIFHYAKGQPYIDEVGTFKERIQWVGDPSWKDGSIVIHNLDYSDNGTFTCDVKNPPDIVGKTSQVTLYVFEKVPTR
1qf0A0_B_Bacillus_thermoproteolyticus,ITGTSTVGVGRGVLGDQKNINTTYSTYYYLQDNTRGDGIFTYDAKYRTTLPGSLWADADNQFFASYDAPAVDAHYYAGVTYDYYKNVHNRLSYDGNNAAIRSSVHYSQGYNNAFWNGSEMVYGDGDGQTFIPLSGGIDVVAHELTHAVTDYTAGLIYQNESGAINEAISDIFGTLVEFYANKNPDWEIGEDVYTPGISGDSLRSMSDPAKYGDPDHYSKRYTGTQDNGGVHINSGIINKAAYLISQGGTHYGVSVVGIGRDKLGKIFYRALTQYLTPTSNFSQLRAAAVQSATDLYGSTSQEVASVKQAFDAVGVK
1cd800_B_Homo_sapiens,SQFRVSPLDRTWNLGETVELKCQVLLSNPTSGCSWLFQPRGAAASPTFLLYLSQNKPKAAEGLDTQRFSGKRLGDTFVLTLSDFRRENEGYYFCSALSNSIMYFSHFVPVFLPA
1qa9A0_B_Homo_sapiens,TNALETWGALGQDINLDIPSFQMSDDIDDIKWEKTSDKKKIAQFRKEKETFKEKDTYELLKNGALKIKHLKTDDQDIYKVSIYDTKGKNVLEKIFDLKIQER
1cdb00_B_Homo_sapiens,KEITNALETWGALGQDINLDIPSFQMSDDIDDIKWEKTSDKKKIAQFRKEKETFKEKDTYKLFKNGTLKIKHLKTDDQDIYKVSIYDTKGKNVLEKIFDLKIQER
1ci5A0_B_Homo_sapiens,SSQQIYGVKYGNVTFHVPSNQPLKEVLWKKQKDKVAELENSEFRAFSSFKNRVYLDTKSGSLTIYNLTSSDEDEYEMESPNITDSMKFFLYVGES
1myt00_G_Thunnus_albacares,ADFDAVLKCWGPVEADYTTMGGLVLTRLFKEHPETQKLFPKFAGIAQADIAGNAAISAHGATVLKKLGELLKAKGSHAAILKPLANSHATKHKIPINNFKLISEVLVKVMHEKAGLDAGGQTALRNVMGIIIADLEANYKELGFSG
1flp00_G_Lucina_pectinata ,SLEAAQKSNVTSSWAKASAAWGTAGPEFFMALFDAHDDVFAKFSGLFSGAAKGTVKNTPEMAAQAQSFKGLVSNWVDNLDNAGALEGQCKTFAANHKARGISAGQLEAAFKVLSGFMKSYGGDEGAWTAVAGALMGEIEPDM
3sdhA0_G_Scapharca_inaequivalvis,PSVYDAAAQLTADVKKDLRDSWKVIGSDKKGNGVALMTTLFADNQETIGYFKRLGNVSQGMANDKLRGHSITLMYALQNFIDQLDNPDDLVCVVEKFAVNHITRKISAAEFGKINGPIKKVLASKNFGDKYANAWAKLVAVVQAAL
1hlb00_G_Caudina_arenicola,XGGTLAIQAQGDLTLAQKKIVRKTWHQLMRNKTSFVTDVFIRIFAYDPSAQNKFPQMAGMSASQLRSSRQMQAHAIRVSSIMSEYVEELDSDILPELLATLARTHDLNKVGADHYNLFAKVLMEALQAELGSDFNEKTRDAWAKAFSVVQAVLLVKHG
1ithA0_G_Urechis_caupo,GLTAAQIKAIQDHWFLNIKGCLQAAADSIFFKYLTAYPGDLAFFHKFSSVPLYGLRSNPAYKAQTLTVINYLDKVVDALGGNAGALMKAKVPSHDAMGITPKHFGQLLKLVGGVFQEEFSADPTTVAAWGDAAGVLVAAMK
1ash00_G_Ascaris_suum ,ANKTRELCMKSLEHAKVDTSNEARQDGIDLYKHMFENYPPLRKYFKSREEYTAEDVQNDPFFAKQGQKILLACHVLCATYDDRETFNAYTRELLDRHARDHVHMPPEVWTDFWKLFEEYLGKKTTLDEPTKQAWHEIGREFAKEINKHGR
1mba00_G_Aplysia_limacina,XSLSAAEADLAGKSWAPVFANKNANGLDFLVALFEKFPDSANFFADFKGKSVADIKASPKLRDVSSRIFTRLNEFVNNAANAGKMSAMLSQFAKEHVGFGVGSAQFENVRSMFPGFVASVAAPPAGADAAWTKLFGLIIDALKAAGA
1babA0_G_Homo_sapiens ,XMELSPADKTNVKAAWGKVGAHAGEYGAEALERMFLSFPTTKTYFPHFDLSHGSAQVKGHGKKVADALTNAVAHVDDMPNALSALSDLHAHKLRVDPVNFKLLSHCLLVTLAAHLPAEFTPAVHASLDKFLASVSTVLTSKYR
1hlm00_G_Caudina_arenicola,XGATQSFQSVGDLTPAEKDLIRSTWDQLMTHRTGFVADVFIRIFHNDPTAQRKFPQMAGLSPAELRTSRQMHAHAIRVSALMTTYIDEMDTEVLPELLATLTRTHDKNHVGKKNYDLFGKVLMEAIKAELGVGFTKQVHDAWAKTFAIVQGVLITKHAS
2hbg00_G_Glycera_dibranchiata,GLSAAQRQVIAATWKDIAGADNGAGVGKKCLIKFLSAHPQMAAVFGFSGASDPGVAALGAKVLAQIGVAVSHLGDEGKMVAQMKAVGVRHKGYGNKHIKAQYFEPLGASLLSAMEHRIGGKMNAAAKDAWAAAYADISGALISGLQS
2vhbA0_G_Vitreoscilla_stercoraria,MLDQQTINIIKATVPVLKEHGVTITTTFYKNLFAKHPEVRPLFDMGRQESLEQPKALAMTVLAAAQNIENLPAILPAVKKIAVKHCQAGVAAAHYPIVGQELLGAIKEVLGDAATDDILDAWGKAYGVIADVFIQVEADLYAQAVE
1lh200_G_Lupinus_luteus,GALTESQAALVKSSWEEFNANIPKHTHRFFILVLEIAPAAKDLFSFLKGTSEVPQNNPELQAHAGKVFKLVYEAAIQLEVTGVVVTDATLKNLGSVHVSKGVADAHFPVVKEAILKTIKEVVGAKWSEELNSAWTIAYDELAIVIKKEMDDAA
2vhb00_Gl_Vitreoscilla_stercoraria,MLDQQTINIIKATVPVLKEHGVTITTTFYKNLFAKHPEVRPLFDMGRQESLEQPKALAMTVLAAAQNIENLPAILPAVKKIAVKHCQAGVAAAHYPIVGQELLGAIKEVLGDAATDDILDAWGKAYGVIADVFIQVEADLYAQAVE
1babB0_G_Homo_sapiens,XMELSPADKTNVKAAWGKVGAHAGEYGAEALERMFLSFPTTKTYFPHFDLSHGSAQVKGHGKKVADALTNAVAHVDDMPNALSALSDLHAHKLRVDPVNFKLLSHCLLVTLAAHLPAEFTPAVHASLDKFLASVSTVLTSKYR
5mbn00_G_Physeter_catodon,VLSEGEWQLVLHVWAKVEADVAGHGQDILIRLFKSHPETLEKFDRFKHLKTEAEMKASEDLKKHGVTVLTALGAILKKKGHHEAELKPLAQSHATKHKIPIKYLEFISEAIIHVLHSRHPGDFGADAQGAMNKALELFRKDIAAKYKELGYQG
2lhb00_G_Petromyzon_marinus,PIVDTGSVAPLSAAEKTKIRSAWAPVYSTYETSGVDILVKFFTSTPAAQEFFPKFKGLTTADELKKSADVRWHAERIINAVDDAVASMDDTEKMSMKLRNLSGKHAKSFQVDPEYFKVLAAVIADTVAAGDAGFEKLMSMICILLRSAY
1eca00_G_Chironomus_thummi ,LSADQISTVQASFDKVKGDPVGILYAVFKADPSIMAKFTQFAGKDLESIKGTAPFETHANRIVGFFSKIIGELPNIEADVNTFVASHKPRGVTHDQLNNFRAGFVSYMKAHTDFAGAEAAWGATLDTFFGMIFSKM
1cnpA0_A_Oryctolagus_cuniculus,MASPLDQAIGLLIGIFHKYSGKEGDKHTLSKKELKELIQKELTIGSKLQDAEIVKLMDDLDRNKDQEVNFQEYITFLGALAMIYNEALKG
1jhgA0_A_Escherichia_coli,SAAMAEQRHQEWLRFVDLLKNAYQNDLHLPLLNLMLTPDEREALGTRVRIIEELLRGEMSQRELKNELGAGIATITRGSNSLKAAPVELRQWLEEVLLKSD
